T,P_root,P_root_hinted,P_count_root,P_branch,P_branch_hinted,P_count_branch,P_leaf,P_leaf_hinted,P_count_leaf,gutcheck,gutcheck_hinted
1,0.2021768865708778,0.179816202075608,0.25,0.13115644676245553,0.15351713125772531,0.25,0.6666666666666666,0.6666666666666666,0.5,1.0,1.0
1,0.026516802060132343,0.027104867285209774,0.1,0.7385794221458338,0.7078323165438378,0.5,0.23490377579403376,0.2650628161709524,0.4,0.9999999999999999,1.0
1,0.1493236880547627,0.12746724498370443,0.16666666666666666,0.30632949925547076,0.33456094461457236,0.36666666666666664,0.5443468126897664,0.537971810401723,0.4666666666666667,0.9999999999999998,0.9999999999999998
1,0.06193274442428711,0.059475775270792564,0.13414634146341464,0.613438500700846,0.585486468011135,0.4268292682926829,0.3246287548748668,0.3550377567180723,0.43902439024390244,1.0,0.9999999999999998
1,0.12402308617440429,0.10514977786674809,0.14957264957264957,0.39521028698753957,0.4163581244692181,0.3974358974358974,0.48076662683805604,0.47849209766403367,0.452991452991453,0.9999999999999999,0.9999999999999999
1,0.07990238536392386,0.0741564230196353,0.14220183486238533,0.5502788885957363,0.5303982697505214,0.41131498470948014,0.36981872604033983,0.39544530722984306,0.44648318042813456,1.0,0.9999999999999998
1,0.11125367244196885,0.09495460385802966,0.1457204767063922,0.44009012255521973,0.4533765152699084,0.40465872156013,0.4486562050028112,0.45166888087206164,0.4496208017334778,0.9999999999999998,0.9999999999999998
1,0.08897605078881037,0.08077075601348917,0.14404165059776322,0.5183881329575992,0.5053795791502061,0.40782876976475124,0.39263581625359023,0.4138496648363045,0.44812957963748556,0.9999999999999998,0.9999999999999998
1,0.10480609875665764,0.09024580212548092,0.14484317216819614,0.46275107751152866,0.47020677382816517,0.4063142035337625,0.43244282373181336,0.4395474240463536,0.44884262429804134,0.9999999999999998,0.9999999999999997
1,0.09355757210859982,0.08373305776414627,0.14446067689310932,0.5022856955745132,0.4939645044523339,0.40703676649622594,0.40415673231688676,0.42230243778351956,0.44850255661066474,0.9999999999999998,0.9999999999999998
1,0.10155055810034279,0.08804327727820539,0.14464325886445048,0.47419315881173296,0.4778761571390988,0.40669181649852043,0.4242562830879239,0.43408056558269537,0.4486649246370291,0.9999999999999996,0.9999999999999996
1,0.09587089648176597,0.08504049270967241,0.14455611802407475,0.4941551733809933,0.48873975363529976,0.4068564434083542,0.4099739301372405,0.4262197536550274,0.44858743856757105,0.9999999999999998,0.9999999999999996
1,0.09990675443706151,0.08699328742897638,0.14459771120025358,0.4799705510014465,0.48137269535477056,0.40677786400550886,0.42012269456149165,0.43163401721625255,0.4486244247942376,0.9999999999999997,0.9999999999999996
1,0.09703895164718118,0.08560001672141611,0.1445778592390177,0.4900498699675876,0.4863415033327557,0.4068153688249147,0.412911178385231,0.4280584799458277,0.4486067719360676,0.9999999999999998,0.9999999999999996
1,0.09907675697451036,0.0864774550324813,0.14458733457138714,0.48288770039388773,0.4829648163591088,0.4067974677427149,0.41803554263160153,0.4305577286084094,0.4486151976858979,0.9999999999999996,0.9999999999999996
3,0.0743767200494766,0.05475489745171569,0.25,0.2589566132838567,0.2785784358816176,0.25,0.6666666666666666,0.6666666666666666,0.5,1.0,1.0
3,0.019260343531173982,0.014868517766899327,0.1,0.45634628277359796,0.4230378792422545,0.5,0.524393373695228,0.5620936029908461,0.4,1.0,1.0
3,0.03394153971947118,0.02343195135914958,0.16666666666666666,0.38514012161554767,0.373995623460771,0.36666666666666664,0.5809183386649811,0.6025724251800794,0.4666666666666667,1.0,1.0
3,0.028645459005220957,0.020510889330455716,0.13414634146341464,0.4080825143119805,0.3859569179079943,0.4268292682926829,0.5632720266827984,0.5935321927615499,0.43902439024390244,0.9999999999999999,0.9999999999999999
3,0.0303518389240687,0.021191578598305574,0.14957264957264957,0.4003919903514107,0.38143251364540204,0.3974358974358974,0.5692561707245204,0.5973759077562922,0.452991452991453,0.9999999999999998,0.9999999999999998
3,0.02977984297641961,0.020877930779409415,0.14220183486238533,0.40293356772314487,0.38204034133759435,0.41131498470948014,0.5672865893004353,0.597081727882996,0.44648318042813456,0.9999999999999998,0.9999999999999998
3,0.02996887716508117,0.02086763787469176,0.1457204767063922,0.40208936565644116,0.3813606172743532,0.40465872156013,0.5679417571784775,0.5977717448509549,0.4496208017334778,0.9999999999999998,0.9999999999999998
3,0.029906088184300746,0.02077808372735634,0.14404165059776322,0.40236926752899926,0.3811724440358477,0.40782876976475124,0.5677246442866997,0.5980494722367957,0.44812957963748556,0.9999999999999997,0.9999999999999998
3,0.029926906367517332,0.02071721782533212,0.14484317216819614,0.4022764041209436,0.38091557208558435,0.4063142035337625,0.5677966895115387,0.5983672100890832,0.44884262429804134,0.9999999999999997,0.9999999999999998
3,0.029919999491813534,0.020652158148479642,0.14446067689310932,0.40230720646501084,0.38072508296266416,0.40703676649622594,0.5677727940431753,0.5986227588888559,0.44850255661066474,0.9999999999999996,0.9999999999999997
3,0.02992229046913509,0.020591449615767587,0.14464325886445048,0.40229698863999086,0.3805452755992884,0.40669181649852043,0.5677807208908736,0.5988632747849436,0.4486649246370291,0.9999999999999996,0.9999999999999996
3,0.029921530500824068,0.020532007754512846,0.14455611802407475,0.4023003780216715,0.38038215666456254,0.4068564434083542,0.5677780914775041,0.5990858355809243,0.44858743856757105,0.9999999999999998,0.9999999999999998
3,0.029921782591916468,0.020474342087576484,0.14459771120025358,0.4022992537092325,0.3802277805171475,0.40677786400550886,0.5677789636988506,0.5992978773952756,0.4486244247942376,0.9999999999999996,0.9999999999999996
3,0.02992169896924494,0.02041805824861794,0.1445778592390177,0.4022996266603741,0.3800806349692506,0.4068153688249147,0.5677786743703804,0.599501306782131,0.4486067719360676,0.9999999999999996,0.9999999999999996
3,0.029921726708127597,0.02036310763118073,0.14458733457138714,0.4022995029467751,0.3799388022556326,0.4067974677427149,0.5677787703450967,0.5996980901131863,0.4486151976858979,0.9999999999999993,0.9999999999999996
5,0.027361666207966266,0.017600457413317984,0.25,0.30597166712536705,0.3157328759200153,0.25,0.6666666666666666,0.6666666666666666,0.5,1.0,1.0
5,0.008371894624979259,0.005461761839481922,0.1,0.3119835251982361,0.286194547118091,0.5,0.6796445801767845,0.708343691042427,0.4,0.9999999999999999,1.0
5,0.008536389078858767,0.0051936053409839715,0.16666666666666666,0.29855144632621133,0.27259851679740377,0.36666666666666664,0.6929121645949298,0.7222078778616121,0.4666666666666667,0.9999999999999999,0.9999999999999998
5,0.008168865020283352,0.004993630789318046,0.13414634146341464,0.29840733179320417,0.269964058804124,0.4268292682926829,0.6934238031865123,0.7250423104065578,0.43902439024390244,0.9999999999999998,0.9999999999999998
5,0.008164921806535492,0.00496069136731367,0.14957264957264957,0.29814229968145467,0.26842333674652563,0.3974358974358974,0.6936927785120095,0.7266159718861604,0.452991452991453,0.9999999999999997,0.9999999999999998
5,0.008157670086359411,0.004938552591826982,0.14220183486238533,0.2981343268716251,0.2673317311791814,0.41131498470948014,0.6937080030420151,0.7277297162289913,0.44648318042813456,0.9999999999999996,0.9999999999999997
5,0.008157451936998114,0.0049211454288145525,0.1457204767063922,0.2981289975984104,0.26646577105220304,0.40465872156013,0.6937135504645913,0.7286130835189821,0.4496208017334778,0.9999999999999998,0.9999999999999998
5,0.008157306119203282,0.004905622904484778,0.14404165059776322,0.29812873820561725,0.2657654054990921,0.40782876976475124,0.6937139556751791,0.7293289715964228,0.44812957963748556,0.9999999999999997,0.9999999999999998
5,0.008157299021784258,0.004891454418412061,0.14484317216819614,0.2981286291157542,0.26519302438963,0.4063142035337625,0.6937140718624613,0.7299155211919578,0.44884262429804134,0.9999999999999998,0.9999999999999998
5,0.008157296036903839,0.0048783285057075465,0.14446067689310932,0.29812862192814155,0.2647211375532921,0.40703676649622594,0.6937140820349542,0.730400533941,0.44850255661066474,0.9999999999999996,0.9999999999999997
5,0.008157295840238783,0.004866028993479053,0.14464325886445048,0.29812861965852333,0.2643283566052026,0.40669181649852043,0.6937140845012374,0.730805614401318,0.4486649246370291,0.9999999999999996,0.9999999999999996
5,0.008157295778138245,0.004854388638420735,0.14455611802407475,0.29812861947402136,0.2639978982069824,0.4068564434083542,0.6937140847478398,0.7311477131545965,0.44858743856757105,0.9999999999999993,0.9999999999999996
5,0.008157295773089965,0.004843276383039291,0.14459771120025358,0.29812861942612123,0.2637165658515229,0.40677786400550886,0.6937140848007881,0.7314401577654371,0.4486244247942376,0.9999999999999993,0.9999999999999993
5,0.008157295771779339,0.004832589159291534,0.1445778592390177,0.29812861942158686,0.2634739799097426,0.4068153688249147,0.6937140848066332,0.7316934309309653,0.4486067719360676,0.9999999999999993,0.9999999999999993
5,0.008157295771655271,0.004822245860328918,0.14458733457138714,0.29812861942056346,0.2632619757105274,0.4067974677427149,0.6937140848077807,0.7319157784291432,0.4486151976858979,0.9999999999999994,0.9999999999999996
7,0.010065794474106167,0.005907483636916648,0.25,0.32326753885922715,0.3274258496964167,0.25,0.6666666666666666,0.6666666666666666,0.5,1.0,1.0
7,0.0032539446063071095,0.0019169713003664233,0.1,0.2304169917878382,0.21209272679962027,0.5,0.7663290636058546,0.7859903019000133,0.4,0.9999999999999999,1.0
7,0.002319330082678188,0.001311840753743141,0.16666666666666666,0.2109083018163847,0.1866216114699495,0.36666666666666664,0.786772368100937,0.8120665477763074,0.4666666666666667,0.9999999999999999,1.0
7,0.0021229596189664803,0.0011923063766393293,0.13414634146341464,0.20721967473858496,0.180374708425863,0.4268292682926829,0.7906573656424484,0.8184329851974976,0.43902439024390244,0.9999999999999998,1.0
7,0.002085830656909726,0.0011673934633215724,0.14957264957264957,0.20650600222074716,0.17818818707797363,0.3974358974358974,0.791408167122343,0.8206444194587048,0.452991452991453,0.9999999999999999,1.0
7,0.002078646976023353,0.0011604143637856542,0.14220183486238533,0.2063686358342072,0.1769448235858161,0.41131498470948014,0.7915527171897692,0.8218947620503981,0.44648318042813456,0.9999999999999998,0.9999999999999999
7,0.002077264274208791,0.001157035804000624,0.1457204767063922,0.20634216509486475,0.17598802171215278,0.40465872156013,0.7915805706309261,0.8228549424838465,0.4496208017334778,0.9999999999999997,0.9999999999999999
7,0.0020769978251869927,0.00115451221107393,0.14404165059776322,0.20633706546459973,0.17517093906667824,0.40782876976475124,0.7915859367102129,0.8236745487222478,0.44812957963748556,0.9999999999999997,1.0
7,0.0020769464933568503,0.0011522979247621636,0.14484317216819614,0.20633608295541161,0.17445352445376627,0.4063142035337625,0.7915869705512312,0.8243941776214714,0.44884262429804134,0.9999999999999997,0.9999999999999998
7,0.0020769366036212937,0.0011502702798346324,0.14446067689310932,0.20633589366488497,0.1738190271317645,0.40703676649622594,0.7915871697314933,0.8250307025884007,0.44850255661066474,0.9999999999999996,0.9999999999999999
7,0.0020769346982617565,0.0011483903469100168,0.14464325886445048,0.2063358571960063,0.17325654581686908,0.40669181649852043,0.7915872081057316,0.8255950638362207,0.4486649246370291,0.9999999999999997,0.9999999999999998
7,0.0020769343311735195,0.0011466373101231575,0.14455611802407475,0.2063358501698848,0.172757281882103,0.4068564434083542,0.7915872154989412,0.8260960808077736,0.44858743856757105,0.9999999999999994,0.9999999999999998
7,0.0020769342604500247,0.0011449954862027844,0.14459771120025358,0.2063358488162268,0.17231365370502894,0.40677786400550886,0.7915872169233227,0.826541350808768,0.4486244247942376,0.9999999999999996,0.9999999999999998
7,0.002076934246824381,0.0011434515883427122,0.1445778592390177,0.20633584855542997,0.17191901910535307,0.4068153688249147,0.7915872171977452,0.8269375293063039,0.4486067719360676,0.9999999999999996,0.9999999999999998
7,0.002076934244199254,0.0011419940198185794,0.14458733457138714,0.20633584850518466,0.17156753562954075,0.4067974677427149,0.7915872172506155,0.8272904703506404,0.4486151976858979,0.9999999999999994,0.9999999999999998
9,0.0037029988460807687,0.00204664602650558,0.25,0.3296303344872526,0.33128668730682775,0.25,0.6666666666666666,0.6666666666666666,0.5,1.0,1.0
9,0.0012206207482395141,0.000675283077547801,0.1,0.18262530596816837,0.17020289071744354,0.5,0.8161540732835921,0.8291218262050086,0.4,1.0,1.0
9,0.0006762612972652746,0.0003661774678501765,0.16666666666666666,0.14744146788746132,0.12902475395659102,0.36666666666666664,0.8518822708152733,0.8706090685755588,0.4666666666666667,1.0,1.0
9,0.000545975585451724,0.0002927649621046491,0.13414634146341464,0.1390651724362306,0.11807147061882654,0.4268292682926829,0.8603888519783176,0.8816357644190688,0.43902439024390244,0.9999999999999999,1.0
9,0.000514958173061385,0.0002751212552593839,0.14957264957264957,0.13707039271132124,0.1147755616998547,0.3974358974358974,0.8624146491156173,0.8849493170448858,0.452991452991453,0.9999999999999999,0.9999999999999999
9,0.0005075715060418603,0.0002706849222859732,0.14220183486238533,0.13659535283837168,0.11345155582728733,0.41131498470948014,0.8628970756555864,0.8862777592504265,0.44648318042813456,0.9999999999999999,0.9999999999999998
9,0.0005058124339404858,0.00026939434622100163,0.1457204767063922,0.1364822260023578,0.1126605345679384,0.40465872156013,0.8630119615637015,0.8870700710858405,0.4496208017334778,0.9999999999999998,0.9999999999999999
9,0.0005053935253972657,0.0002688646194360907,0.14404165059776322,0.1364552857790901,0.1120355733530278,0.40782876976475124,0.8630393206955125,0.887695562027536,0.44812957963748556,0.9999999999999999,0.9999999999999999
9,0.0005052937657815922,0.0002685284042348145,0.14484317216819614,0.13644887018701757,0.11148132981222073,0.4063142035337625,0.8630458360472006,0.8882501417835442,0.44884262429804134,0.9999999999999998,0.9999999999999998
9,0.0005052700088515506,0.00026824976926950695,0.14446067689310932,0.1364473423666568,0.11097157427167698,0.40703676649622594,0.8630473876244915,0.8887601759590533,0.44850255661066474,0.9999999999999999,0.9999999999999998
9,0.0005052643513345175,0.0002679954840968832,0.14464325886445048,0.13644697852883347,0.11049780974499651,0.40669181649852043,0.8630477571198318,0.8892341947709063,0.4486649246370291,0.9999999999999998,0.9999999999999997
9,0.0005052630040434777,0.00026775687354646814,0.14455611802407475,0.1364468918838554,0.11005618926557106,0.4068564434083542,0.8630478451121009,0.8896760538608823,0.44858743856757105,0.9999999999999998,0.9999999999999999
9,0.0005052626831972238,0.00026753118683562217,0.14459771120025358,0.13644687125006816,0.109644169677071,0.40677786400550886,0.8630478660667342,0.8900882991360931,0.4486244247942376,0.9999999999999996,0.9999999999999998
9,0.0005052626067903336,0.0002673171404938967,0.1445778592390177,0.13644686633630182,0.10925964801372974,0.4068153688249147,0.8630478710569076,0.8904730348457762,0.4486067719360676,0.9999999999999998,0.9999999999999999
9,0.0005052625885946626,0.00026711384655315643,0.14458733457138714,0.13644686516612892,0.10890073290338954,0.4067974677427149,0.8630478722452761,0.8908321532500569,0.4486151976858979,0.9999999999999997,0.9999999999999997
11,0.0013622571461546888,0.0007246716659609556,0.25,0.33197107618717864,0.33260866166737235,0.25,0.6666666666666666,0.6666666666666666,0.5,1.0,1.0
11,0.0004522299708526467,0.00024062555771898472,0.1,0.15418562670883332,0.1460114463654142,0.5,0.845362143320314,0.8537479280768668,0.4,1.0,1.0
11,0.00021004047181844742,0.0001106155815418886,0.16666666666666666,0.1056795921695645,0.0928938339062264,0.36666666666666664,0.894110367358617,0.9069955505122317,0.4666666666666667,1.0,1.0
11,0.00014396277963570235,7.519967599171684e-05,0.13414634146341464,0.09245117188335092,0.07756448826312937,0.4268292682926829,0.9074048653370134,0.9223603120608789,0.43902439024390244,1.0,1.0
11,0.0001259422695684702,6.553001518071167e-05,0.14957264957264957,0.08884353009407331,0.07295466035282432,0.3974358974358974,0.9110305276363583,0.9269798096319949,0.452991452991453,1.0,0.9999999999999999
11,0.00012102773376026051,6.287059028748259e-05,0.14220183486238533,0.08785965769297666,0.07139719925345972,0.41131498470948014,0.9120193145732631,0.9285399301562529,0.44648318042813456,1.0,1.0
11,0.00011968744655096222,6.212150406996426e-05,0.1457204767063922,0.08759133701141099,0.07071691397505156,0.40465872156013,0.912288975542038,0.9292209645208784,0.4496208017334778,1.0,1.0
11,0.0001193219247850383,6.189388222698248e-05,0.14404165059776322,0.08751816086776378,0.0702955346871759,0.40782876976475124,0.912362517207451,0.929642571430597,0.44812957963748556,0.9999999999999998,0.9999999999999999
11,0.00011922224006042682,6.180926974389588e-05,0.14484317216819614,0.0874982043442195,0.06995682099336303,0.4063142035337625,0.9123825734157202,0.929981369736893,0.44884262429804134,1.0,1.0
11,0.00011919505414361624,6.176446198326855e-05,0.14446067689310932,0.08749276182139548,0.0696502204382263,0.40703676649622594,0.9123880431244609,0.9302880150997905,0.44850255661066474,1.0,1.0
11,0.00011918764002800611,6.173127664347223e-05,0.14464325886445048,0.08749127754210084,0.06936097886860042,0.40669181649852043,0.9123895348178712,0.930577289854756,0.4486649246370291,1.0,0.9999999999999999
11,0.00011918561805793008,6.170199199350265e-05,0.14455611802407475,0.08749087275095971,0.06908456135510369,0.4068564434083542,0.9123899416309824,0.9308537366529028,0.44858743856757105,1.0,1.0
11,0.0001191850666283054,6.167447063539045e-05,0.14459771120025358,0.087490762356731,0.06881936294142216,0.40677786400550886,0.9123900525766409,0.9311189625879424,0.4486244247942376,1.0000000000000002,0.9999999999999999
11,0.00011918491624297845,6.164810108523035e-05,0.1445778592390177,0.08749073225012911,0.068564628282027,0.4068153688249147,0.912390082833628,0.9313737236168879,0.4486067719360676,1.0,1.0
11,0.00011918487523004487,6.162268986293738e-05,0.14458733457138714,0.08749072403948722,0.06831985679281358,0.4067974677427149,0.9123900910852827,0.9316185205173235,0.4486151976858979,1.0,1.0
13,0.0005011463976591908,0.00026028897611807354,0.25,0.3328321869356741,0.33307304435721524,0.25,0.6666666666666666,0.6666666666666666,0.5,1.0,1.0
13,0.00016679765150784347,8.66372293907578e-05,0.1,0.1371278829458574,0.1318576194848034,0.5,0.8627053194026347,0.8680557432858057,0.4,1.0,0.9999999999999999
13,6.872114455694761e-05,3.553245453962641e-05,0.16666666666666666,0.07925808617428658,0.07078174123567418,0.36666666666666664,0.9206731926811564,0.9291827263097862,0.4666666666666667,1.0,1.0
13,3.9719904371605426e-05,2.0426681947664676e-05,0.13414634146341464,0.062146737016395066,0.052151576840375746,0.4268292682926829,0.9378135430792331,0.9478279964776765,0.43902439024390244,0.9999999999999998,0.9999999999999999
13,3.1144613382039475e-05,1.595954320497683e-05,0.14957264957264957,0.05708713152321236,0.046386805655522625,0.3974358974358974,0.9428817238634055,0.9535972348012722,0.452991452991453,0.9999999999999999,0.9999999999999998
13,2.860901031555431e-05,1.4636703081842473e-05,0.14220183486238533,0.05559107136594928,0.04452569489782174,0.41131498470948014,0.9443803196237349,0.9554596683990964,0.44648318042813456,0.9999999999999998,0.9999999999999999
13,2.7859265157060475e-05,1.4243311432335779e-05,0.1457204767063922,0.055148705652420346,0.043851504609813394,0.40465872156013,0.9448234350824224,0.9561342520787541,0.4496208017334778,0.9999999999999998,0.9999999999999999
13,2.763757517327751e-05,1.4124728839491974e-05,0.14404165059776322,0.05501790381029125,0.043540126823527855,0.40782876976475124,0.9449544586145353,0.9564457484476325,0.44812957963748556,0.9999999999999998,0.9999999999999999
13,2.7572024301287328e-05,1.408744243746724e-05,0.14484317216819614,0.05497922739080141,0.043341385831949755,0.4063142035337625,0.9449932005848969,0.9566445267256123,0.44884262429804134,0.9999999999999996,0.9999999999999996
13,2.755264175298564e-05,1.4074241990655114e-05,0.14446067689310932,0.0549677912718584,0.04317925258824625,0.40703676649622594,0.9450046560863882,0.9568066731697628,0.44850255661066474,0.9999999999999996,0.9999999999999997
13,2.7546910583174147e-05,1.4068211029852586e-05,0.14464325886445048,0.05496440975882788,0.043030570887361015,0.40669181649852043,0.9450080433305885,0.9569553609016086,0.4486649246370291,0.9999999999999996,0.9999999999999994
13,2.7545215950100265e-05,1.4064346155724782e-05,0.14455611802407475,0.054963409888991566,0.04288824752776394,0.4068564434083542,0.9450090448950578,0.9570976881260799,0.44858743856757105,0.9999999999999994,0.9999999999999996
13,2.7544714868933668e-05,1.4061166586473861e-05,0.14459771120025358,0.05496311424036311,0.042750072973835734,0.40677786400550886,0.9450093410447674,0.9572358658595772,0.4486244247942376,0.9999999999999994,0.9999999999999994
13,2.7544566705688543e-05,1.4058233307103497e-05,0.1445778592390177,0.054963026820872764,0.04261532414291597,0.4068153688249147,0.945009428612421,0.9573706176237764,0.4486067719360676,0.9999999999999994,0.9999999999999994
13,2.754452289572587e-05,1.405541544908172e-05,0.14458733457138714,0.05496300097205577,0.04248373143775178,0.4067974677427149,0.9450094545050479,0.9575022131467984,0.4486151976858979,0.9999999999999994,0.9999999999999992
15,0.00018436145671594454,9.434861130031687e-05,0.25,0.3331489718766174,0.33323898472203306,0.25,0.6666666666666666,0.6666666666666666,0.5,1.0,1.0
15,6.141982975859243e-05,3.143253312731151e-05,0.1,0.12685109615650256,0.12350254443619119,0.5,0.8730874840137388,0.8764660230306814,0.4,1.0,1.0
15,2.3386452873427167e-05,1.194560391563712e-05,0.16666666666666666,0.0628547816548169,0.057386782529198224,0.36666666666666664,0.9371218318923097,0.9426012718668862,0.4666666666666667,1.0,1.0
15,1.1587999107444668e-05,5.901154879728301e-06,0.13414634146341464,0.043002385417265976,0.036506986095785135,0.4268292682926829,0.9569860265836266,0.9634871127493352,0.43902439024390244,1.0,1.0
15,7.927982417787646e-06,4.026097449455735e-06,0.14957264957264957,0.03684394265005735,0.029878875875572822,0.3974358974358974,0.963148129367525,0.9701170980269779,0.452991452991453,1.0000000000000002,1.0000000000000002
15,6.792602938123293e-06,3.444270773384307e-06,0.14220183486238533,0.034933522524321484,0.027742287796068674,0.41131498470948014,0.9650596848727406,0.9722542679331581,0.44648318042813456,1.0000000000000002,1.0000000000000002
15,6.44039510080317e-06,3.263580425396799e-06,0.1457204767063922,0.03434088812066183,0.027022000437891665,0.40465872156013,0.9656526714842377,0.9729747359816832,0.4496208017334778,1.0000000000000004,1.0000000000000002
15,6.331136158844491e-06,3.2073201781098525e-06,0.14404165059776322,0.03415704607897179,0.02674884202777225,0.40782876976475124,0.9658366227848697,0.9732479506520498,0.44812957963748556,1.0000000000000004,1.0000000000000002
15,6.297242772232882e-06,3.1896602734749093e-06,0.14484317216819614,0.03410001615279124,0.02661729550552491,0.4063142035337625,0.9658936866044368,0.9733795148342019,0.44884262429804134,1.0000000000000002,1.0000000000000002
15,6.286728651965833e-06,3.183977018973518e-06,0.14446067689310932,0.03408232481053754,0.026531022906783157,0.40703676649622594,0.9659113884608109,0.9734657931161983,0.44850255661066474,1.0000000000000004,1.0000000000000004
15,6.28346705033668e-06,3.1820117210012784e-06,0.14464325886445048,0.034076836751693707,0.026459633555572903,0.40669181649852043,0.9659168797812564,0.9735371844327065,0.4486649246370291,1.0000000000000004,1.0000000000000004
15,6.28245526381369e-06,3.1812024318588505e-06,0.14455611802407475,0.03407513429240932,0.026393532731622246,0.4068564434083542,0.9659185832523274,0.9736032860659464,0.44858743856757105,1.0000000000000004,1.0000000000000004
15,6.282141395940019e-06,3.1807543579072223e-06,0.14459771120025358,0.03407460616986226,0.02632968515857955,0.40677786400550886,0.9659191116887422,0.9736671340870631,0.4486244247942376,1.0000000000000004,1.0000000000000004
15,6.282044030497919e-06,3.1804208993014876e-06,0.1445778592390177,0.03407444234014412,0.026267125087922862,0.4068153688249147,0.9659192756158261,0.9737296944911784,0.4486067719360676,1.0000000000000007,1.0000000000000007
15,6.282013826612429e-06,3.1801255180322447e-06,0.14458733457138714,0.034074391518272004,0.026205539936975084,0.4067974677427149,0.9659193264679021,0.9737912799375076,0.4486151976858979,1.0000000000000007,1.0000000000000007
17,6.782278967021472e-05,3.439511490321576e-05,0.25,0.3332655105436631,0.3332989382184301,0.25,0.6666666666666666,0.6666666666666666,0.5,1.0,1.0
17,2.2602996625939587e-05,1.1462737867702385e-05,0.1,0.12064321258026481,0.11853863203697892,0.5,0.8793341844231092,0.8814499052251533,0.4,0.9999999999999999,1.0
17,8.182359231970304e-06,4.146383693863489e-06,0.16666666666666666,0.052771853321605895,0.049305722190068735,0.36666666666666664,0.9472199643191621,0.9506901314262373,0.4666666666666667,1.0,0.9999999999999999
17,3.579134308338698e-06,1.8109958973040354e-06,0.13414634146341464,0.031106588133114718,0.02697169535876578,0.4268292682926829,0.9688898327325769,0.9730264936453368,0.43902439024390244,1.0,0.9999999999999999
17,2.109735584310236e-06,1.0655206607746836e-06,0.14957264957264957,0.024190803315910905,0.019753188478903963,0.3974358974358974,0.9758070869485048,0.9802457460004353,0.452991452991453,1.0,1.0
17,1.6406877652485582e-06,8.275444475731807e-07,0.14220183486238533,0.021983210691415345,0.017406968292137767,0.41131498470948014,0.9780151486208194,0.9825922041634145,0.44648318042813456,1.0,0.9999999999999999
17,1.4909626749998783e-06,7.515625794995951e-07,0.1457204767063922,0.021278523468700735,0.016631511786659718,0.40465872156013,0.9787199855686243,0.9833677366507608,0.4496208017334778,1.0,1.0
17,1.4431688217104174e-06,7.272899076889557e-07,0.14404165059776322,0.0210535797556501,0.016362597925880358,0.40782876976475124,0.9789449770755282,0.983636674784212,0.44812957963748556,1.0,1.0
17,1.4279125115725476e-06,7.195231974538437e-07,0.14484317216819614,0.02098177531190542,0.01625715078309928,0.4063142035337625,0.979016796775583,0.9837421296937032,0.44884262429804134,1.0,1.0
17,1.4230425338870652e-06,7.170254428672293e-07,0.14446067689310932,0.02095885456399226,0.016204561064252537,0.40703676649622594,0.9790397223934739,0.9837947219103047,0.44850255661066474,1.0,1.0
17,1.4214879848222673e-06,7.162097274746987e-07,0.14464325886445048,0.020951538015635367,0.016169163752137377,0.40669181649852043,0.97904704049638,0.9838301200381352,0.4486649246370291,1.0000000000000002,1.0
17,1.420991756101945e-06,7.159310795253074e-07,0.14455611802407475,0.020949202494994337,0.016139457128947897,0.4068564434083542,0.9790493765132497,0.9838598269399728,0.44858743856757105,1.0000000000000002,1.0000000000000002
17,1.4208333545767383e-06,7.158240121240114e-07,0.14459771120025358,0.02094845697177785,0.01611173085151097,0.40677786400550886,0.9790501221948678,0.9838875533244769,0.4486244247942376,1.0000000000000002,1.0
17,1.420782791112432e-06,7.157718565730741e-07,0.1445778592390177,0.02094821899277798,0.01608478711493242,0.4068153688249147,0.9790503602244311,0.983914497113211,0.4486067719360676,1.0000000000000002,1.0
17,1.420766650712778e-06,7.157373695487011e-07,0.14458733457138714,0.020948143027330994,0.016058238429890327,0.4067974677427149,0.9790504362060186,0.9839410458327403,0.4486151976858979,1.0000000000000002,1.0000000000000002
19,2.4950609962566865e-05,1.258323751754747e-05,0.25,0.33330838272337077,0.3333207500958158,0.25,0.6666666666666666,0.6666666666666666,0.5,1.0,1.0
19,8.316247454584784e-06,4.194101216081539e-06,0.1,0.11688722540571199,0.11557527560482116,0.5,0.8831044583468334,0.8844205302939627,0.4,1.0,1.0
19,2.916407570704556e-06,1.4703835640070666e-06,0.16666666666666666,0.04660815891458829,0.04443683580308863,0.36666666666666664,0.9533889246778411,0.9555616938133474,0.4666666666666667,1.0,1.0
19,1.162901994151226e-06,5.859108607882902e-07,0.13414634146341464,0.023786236863449602,0.021189624535014488,0.4268292682926829,0.9762126002345564,0.9788097895541248,0.43902439024390244,1.0000000000000002,1.0
19,5.934811184571608e-07,2.986946002676451e-07,0.14957264957264957,0.016375208912700792,0.013587327094812848,0.3974358974358974,0.9836241976061809,0.986412374210587,0.452991452991453,1.0000000000000002,1.0000000000000002
19,4.085714506363461e-07,2.0542515633155065e-07,0.14220183486238533,0.013968604632670863,0.011096052053584233,0.41131498470948014,0.9860309867958787,0.9889037425212596,0.44648318042813456,1.0000000000000002,1.0000000000000002
19,3.4852520591107534e-07,1.7513605994857474e-07,0.1457204767063922,0.013187101149058553,0.010274575186514163,0.40465872156013,0.9868125503257358,0.989725249677426,0.4496208017334778,1.0000000000000002,1.0000000000000002
19,3.2902621730707736e-07,1.6529860247201368e-07,0.14404165059776322,0.012933321290040527,0.009998673370191178,0.40782876976475124,0.9870663496837424,0.9900011613312066,0.44812957963748556,1.0000000000000002,1.0000000000000002
19,3.226942550283634e-07,1.6210242941761247e-07,0.14484317216819614,0.012850910631363083,0.009901057920674841,0.4063142035337625,0.9871487666743822,0.990098779976896,0.44884262429804134,1.0000000000000004,1.0000000000000002
19,3.2063805882694417e-07,1.6106289632931472e-07,0.14446067689310932,0.012824149182720432,0.0098617296412391,0.40703676649622594,0.9871755301792211,0.9901381092958649,0.44850255661066474,1.0000000000000004,1.0000000000000002
19,3.199703443598281e-07,1.6072370008032826e-07,0.14464325886445048,0.012815458861044248,0.00984148134302395,0.40669181649852043,0.9871842211686119,0.9901583579332762,0.4486649246370291,1.0000000000000004,1.0000000000000002
19,3.1975351553323634e-07,1.606119332373545e-07,0.14455611802407475,0.012812636828057767,0.009827502346910641,0.4068564434083542,0.9871870434184272,0.9901723370411566,0.44858743856757105,1.0000000000000004,1.0000000000000004
19,3.1968310408888917e-07,1.6057402765282458e-07,0.14459771120025358,0.012811720421223414,0.009815606593955532,0.40677786400550886,0.9871879598956731,0.9901842328320173,0.4486244247942376,1.0000000000000007,1.0000000000000004
19,3.196602391793982e-07,1.605601147533493e-07,0.1445778592390177,0.012811422833813885,0.009804426076292077,0.4068153688249147,0.9871882575059476,0.9901954133635937,0.4486067719360676,1.0000000000000007,1.0000000000000007
19,3.1965281419201334e-07,1.6055400054495947e-07,0.14458733457138714,0.012811326197404172,0.009793513603006503,0.4067974677427149,0.9871883541497822,0.9902063258429933,0.4486151976858979,1.0000000000000007,1.0000000000000002
21,9.178816449915719e-06,4.6134912290596805e-06,0.25,0.3333241545168834,0.33332871984210427,0.25,0.6666666666666666,0.6666666666666666,0.5,1.0,1.0
21,3.0595212326338183e-06,1.5377882831908673e-06,0.1,0.11461251640029933,0.11379976300954955,0.5,0.885384424078468,0.8861986992021672,0.4,0.9999999999999999,1.0
21,1.0520072509013024e-06,5.287038498723812e-07,0.16666666666666666,0.04285225070311522,0.04150327371396094,0.36666666666666664,0.9571466972896339,0.9584961975821893,0.4666666666666667,1.0,1.0
21,3.9333294366966644e-07,1.9761961351493157e-07,0.13414634146341464,0.019307387146755353,0.01769189711463908,0.4268292682926829,0.980692219520301,0.9823079052657474,0.43902439024390244,1.0,1.0
21,1.7721896274752938e-07,8.898955624471906e-08,0.14957264957264957,0.011582212295432848,0.009847370332769265,0.3974358974358974,0.9884176104856044,0.9901525406776747,0.452991452991453,1.0,1.0000000000000002
21,1.0631100074373514e-07,5.334749542235849e-08,0.14220183486238533,0.009047547936871063,0.007261034950846389,0.41131498470948014,0.9909523457521283,0.9927389117016583,0.44648318042813456,1.0000000000000002,1.0
21,8.304578183435314e-08,4.165305943547664e-08,0.1457204767063922,0.00821591324455551,0.006406352230613695,0.40465872156013,0.9917840037096628,0.9935936061163271,0.4496208017334778,1.0000000000000002,1.0000000000000002
21,7.541235964020654e-08,3.7815928067119396e-08,0.14404165059776322,0.0079430501890876,0.006121958812723642,0.40782876976475124,0.992056874398553,0.9938780033713485,0.44812957963748556,1.0000000000000002,1.0000000000000002
21,7.29077997381034e-08,3.655680853711866e-08,0.14484317216819614,0.007853522602363218,0.006025388145428322,0.4063142035337625,0.9921464044898374,0.9939745752977633,0.44884262429804134,1.0000000000000002,1.0000000000000002
21,7.208604245235639e-08,3.614354511238539e-08,0.14446067689310932,0.007824148201453768,0.005990682530925015,0.40703676649622594,0.9921757797125041,0.99400928132553,0.44850255661066474,1.0000000000000004,1.0000000000000002
21,7.181642021808234e-08,3.600781084170719e-08,0.14464325886445048,0.007814510329370326,0.005976359749445873,0.40669181649852043,0.9921854178542101,0.9940236042427435,0.4486649246370291,1.0000000000000007,1.0000000000000002
21,7.172795595926064e-08,3.596313541279802e-08,0.14455611802407475,0.007811348100510469,0.005968758073889562,0.4068564434083542,0.992188580171534,0.9940312059629752,0.44858743856757105,1.0000000000000004,1.0000000000000002
21,7.169893044098341e-08,3.594833716237523e-08,0.14459771120025358,0.007810310559103452,0.005963378084078099,0.40677786400550886,0.9921896177419667,0.994036585967585,0.4486244247942376,1.0000000000000007,1.0000000000000002
21,7.168940703884921e-08,3.5943342132611005e-08,0.1445778592390177,0.0078099701371356,0.005958737883735547,0.4068153688249147,0.9921899581734579,0.9940412261729226,0.4486067719360676,1.0000000000000004,1.0000000000000002
21,7.168628236809078e-08,3.5941563971839594e-08,0.14458733457138714,0.007809858443168099,0.00595434938455852,0.4067974677427149,0.9921900698705503,0.9940456146738779,0.4486151976858979,1.0000000000000007,1.0000000000000004
23,3.376697866210237e-06,1.693722577667213e-06,0.25,0.3333299566354671,0.3333316396107556,0.25,0.6666666666666666,0.6666666666666666,0.5,1.0,1.0
23,1.1255545533149326e-06,5.645684914537457e-07,0.1,0.11323409055280836,0.1127329927901639,0.5,0.8867647838926382,0.8872664426413446,0.4,0.9999999999999999,0.9999999999999999
23,3.8235731195192477e-07,1.9177891788254872e-07,0.16666666666666666,0.040567817973372014,0.03973471917627745,0.36666666666666664,0.959431799669316,0.9602650890448047,0.4666666666666667,1.0,1.0
23,1.369852643874906e-07,6.869978742316347e-08,0.13414634146341464,0.016576512470719777,0.015577993071578127,0.4268292682926829,0.9834233505440156,0.9844219382286343,0.43902439024390244,0.9999999999999998,0.9999999999999999
23,5.597387428908686e-08,2.8064325894528887e-08,0.14957264957264957,0.008655606123247377,0.007583212180700669,0.3974358974358974,0.9913443379028781,0.9924167597549732,0.452991452991453,0.9999999999999998,0.9999999999999998
23,2.9227366727125685e-08,1.4648226549814182e-08,0.14220183486238533,0.006040460508995891,0.004936539273112587,0.41131498470948014,0.9939595102636372,0.9950634460786606,0.44648318042813456,0.9999999999999998,0.9999999999999998
23,2.0396810111653633e-08,1.0218793339968566e-08,0.1457204767063922,0.005177050908663836,0.004059605414874735,0.40465872156013,0.9948229286945258,0.9959403843663316,0.4496208017334778,0.9999999999999998,0.9999999999999997
23,1.7481336756546946e-08,8.75637211907168e-09,0.14404165059776322,0.004891989865071075,0.0037682990417841483,0.40782876976475124,0.9951079926535918,0.9962316922018434,0.44812957963748556,0.9999999999999997,0.9999999999999997
23,1.6518771738907607e-08,8.273531169322547e-09,0.14484317216819614,0.004797874860393177,0.003670785941583413,0.4063142035337625,0.9952021086208347,0.996329205784885,0.44884262429804134,0.9999999999999996,0.9999999999999997
23,1.620097380343338e-08,8.114105701312846e-09,0.14446067689310932,0.004766802097893314,0.0036374036382645705,0.40703676649622594,0.9952331817011325,0.9963625882476294,0.44850255661066474,0.9999999999999997,0.9999999999999997
23,1.6096050472602837e-08,8.061458204568258e-09,0.14464325886445048,0.004756543196322015,0.0036252450963434268,0.40669181649852043,0.9952434407076272,0.9963747468421981,0.4486649246370291,0.9999999999999997,0.9999999999999997
23,1.606140926155737e-08,8.044064246725174e-09,0.14455611802407475,0.004753156144351659,0.0036201117332179834,0.4068564434083542,0.9952468277942387,0.9963798802227173,0.44858743856757105,0.9999999999999996,0.9999999999999996
23,1.6049972210396326e-08,8.038309520351586e-09,0.14459771120025358,0.004752037884178269,0.0036173049985044857,0.40677786400550886,0.9952479460658491,0.9963826869631854,0.4486244247942376,0.9999999999999996,0.9999999999999994
23,1.604619618365497e-08,8.03639759091003e-09,0.1445778592390177,0.004751668682339521,0.003615270052624747,0.4068153688249147,0.9952483152714637,0.9963847219109772,0.4486067719360676,0.9999999999999994,0.9999999999999994
23,1.6044949500593877e-08,8.035754408904228e-09,0.14458733457138714,0.004751546787631136,0.0036134923649115327,0.4067974677427149,0.9952484371674188,0.9963864995993336,0.4486151976858979,0.9999999999999994,0.9999999999999996
